forename,surname,email,phone,address,postcode,city,password
John,Doe,john.doe@example.com,1234567890,123 Main St,AB12 3CD,Citytown,password123
Jane,Smith,jane.smith@example.com,2345678901,456 Elm St,EF45 6GH,Villagetown,securepassword
Michael,Johnson,michael.johnson@example.com,3456789012,789 Oak St,HI78 9JK,Metropolis,abc123
Susan,Lee,susan.lee@example.com,4567890123,101 Pine St,LK90 1MN,Suburbia,password2024
David,Clark,david.clark@example.com,5678901234,202 Maple St,OP12 3QR,Coastville,password321
Emma,Williams,emma.williams@example.com,6789012345,303 Cedar St,ST34 5UV,Townshire,letmein123
Matthew,Brown,matthew.brown@example.com,7890123456,404 Birch St,VW56 7XY,Harborview,topsecret
Olivia,Evans,olivia.evans@example.com,8901234567,505 Walnut St,XY67 8ZA,Citycenter,summer2024
Noah,Adams,noah.adams@example.com,9012345678,606 Chestnut St,ZA78 9BC,Lakeside,password456
Isabella,Martin,isabella.martin@example.com,123456789,707 Ash St,AB12 3DE,Hilltop,password789
Lucas,Thomas,lucas.thomas@example.com,1234567890,808 Birch St,FG23 4HI,Townhaven,iloveyou
Ava,Garcia,ava.garcia@example.com,2345678901,909 Pine St,JH45 6KL,Riverbank,securepass
Ethan,Moore,ethan.moore@example.com,3456789012,1001 Cedar St,LM56 7MN,Redwood,password987
Mia,White,mia.white@example.com,4567890123,1102 Oak St,NO67 8OP,Stonebridge,qwerty123
Jacob,Lopez,jacob.lopez@example.com,5678901234,1203 Maple St,PQ78 9RS,Seaside123,
Lucy,Walker,lucy.walker@example.com,6789012345,1304 Walnut St,RS89 0TU,Sunshine,
Jackson,Allen,jackson.allen@example.com,7890123456,1405 Chestnut St,UV90 1WX,Mypassword,
Sofia,Young,sofia.young@example.com,8901234567,1506 Pine St,XY12 2YZ,Lucky123,
Daniel,Harris,daniel.harris@example.com,9012345678,1607 Cedar St,AB34 5CD,Mysuperpass,
Charlotte,King,charlotte.king@example.com,123456789,1708 Oak St,DE45 6FG,Beautiful1,
